{"cameraMode":{"drawMode":0,"name":"Shaded","section":"Shading Mode"},"sceneLighting":true,"audioPlay":false,"sceneViewState":{"showFog":true,"showMaterialUpdate":false,"showSkybox":true,"showFlares":true,"showImageEffects":true,"showParticleSystems":true},"in2DMode":false,"pivot":{"x":-0.084320068359375,"y":0.12567138671875,"z":-12.36962890625},"rotation":{"x":0.1994604766368866,"y":-0.042610760778188708,"z":0.008682035841047764,"w":0.978940486907959},"size":0.7828335762023926,"orthographic":true}