{"cameraMode":{"drawMode":0,"name":"Shaded","section":"Shading Mode"},"sceneLighting":false,"audioPlay":false,"sceneViewState":{"showFog":true,"showMaterialUpdate":false,"showSkybox":false,"showFlares":true,"showImageEffects":true,"showParticleSystems":true},"in2DMode":false,"pivot":{"x":0.0006220649811439216,"y":0.0004454556619748473,"z":-0.000835587561596185},"rotation":{"x":0.19497182965278626,"y":-0.3096182346343994,"z":0.065020352602005,"w":0.9283945560455322},"size":0.00006778999522794038,"orthographic":true}